StudentID,Age,StudyHoursPerWeek,AttendanceRate,GPA,PartTimeJob,ExtraCurricularActivities,performance_level,Study_Attendance_Ratio,Gender_Male,Major_Business,Major_Education,Major_Engineering,Major_Science
1,24,37,90.75,3.47,1,0,Average,0.4032697547683924,True,False,False,False,False
2,22,37,74.9,2.32,0,0,Low,0.4874835309617918,False,False,True,False,False
3,22,10,53.36,2.38,0,0,Low,0.18395879323031641,True,True,False,False,False
4,24,10,70.26,3.46,1,0,Average,0.14033118158854896,True,False,False,False,True
5,18,19,74.87,2.31,1,0,Low,0.25042836430736787,True,False,True,False,False
6,20,17,86.01,2.47,1,0,Low,0.1953798413975405,False,True,False,False,False
7,19,21,55.33,3.93,0,0,High,0.37280312444523345,True,False,False,False,False
8,18,14,57.0,2.51,0,0,Average,0.2413793103448276,True,False,True,False,False
9,19,9,63.18,3.32,0,0,Average,0.14023060143346835,True,True,False,False,False
10,24,1,63.32,3.96,1,1,High,0.015547263681592042,False,False,False,True,False
11,23,13,86.61,2.75,1,0,Average,0.1483848875699121,True,False,False,True,False
12,19,4,62.54,2.04,0,1,Low,0.06295247088448222,True,False,False,False,True
13,20,1,81.65,2.49,0,0,Low,0.012099213551119176,True,True,False,False,False
14,23,32,74.71,3.66,1,0,High,0.4226654338924845,True,False,False,True,False
15,19,34,78.66,3.73,1,1,High,0.4268139593271404,False,False,False,False,False
16,24,28,91.91,3.54,1,0,High,0.3013669142180605,True,True,False,False,False
17,23,31,70.22,2.23,1,1,Low,0.4352709912945802,False,False,False,False,False
18,24,8,88.55,3.59,0,1,High,0.0893355667225014,False,False,False,False,False
19,19,39,71.1,3.84,1,1,High,0.5409153952843274,False,False,False,True,False
20,24,26,67.69,3.2,1,0,Average,0.3785121560634736,True,True,False,False,False
21,20,34,97.93,3.88,1,0,High,0.34367734761952895,False,False,True,False,False
22,19,3,59.22,3.65,0,0,High,0.049817336433078716,True,False,False,True,False
23,19,12,54.52,3.33,0,1,Average,0.21613832853025935,False,False,False,True,False
24,19,1,88.55,3.15,1,1,Average,0.011166945840312675,False,True,False,False,False
25,18,5,53.41,2.7,1,0,Average,0.09189487226612755,False,True,False,False,False
26,18,30,91.85,2.32,1,0,Low,0.32310177705977383,False,False,False,False,False
27,18,30,71.86,3.21,0,0,Average,0.4117485588800439,False,True,False,False,False
28,20,17,95.78,2.64,0,0,Average,0.1756561272990287,False,False,False,False,False
29,23,23,86.08,3.73,0,0,High,0.26412494258153424,False,False,False,True,False
30,24,15,80.52,3.99,1,1,High,0.18400392541707558,False,False,False,False,True
31,22,37,97.47,3.5,0,1,Average,0.3757489590738296,True,False,True,False,False
32,19,21,69.83,2.18,1,1,Low,0.29648454044896233,True,False,False,True,False
33,24,14,97.7,2.58,1,0,Average,0.14184397163120566,False,True,False,False,False
34,19,2,56.75,2.22,1,1,Low,0.03463203463203463,False,False,True,False,False
35,20,11,74.19,3.3,0,1,Average,0.14629605000664983,False,False,False,False,True
36,19,39,63.5,3.53,1,1,High,0.6046511627906976,True,False,False,False,True
37,18,38,76.99,3.85,0,1,High,0.4872419540966791,False,False,False,False,False
38,22,34,58.1,2.88,0,1,Average,0.5752961082910322,True,False,True,False,False
39,21,38,92.08,3.8,1,0,High,0.4082509669101848,True,False,False,False,False
40,19,34,92.32,3.76,1,1,High,0.3643377625375054,True,False,False,True,False
41,24,18,97.76,2.63,0,0,Average,0.18226002430133656,True,False,True,False,False
42,18,30,57.73,3.74,1,0,High,0.5108121913843011,True,False,False,True,False
43,21,15,81.17,2.75,0,0,Average,0.18254837531945967,False,False,False,False,False
44,22,27,73.71,2.59,1,0,Average,0.3613974032927319,False,False,True,False,False
45,21,34,67.22,3.3,0,0,Average,0.49838756962767516,False,False,False,False,False
46,18,38,67.58,2.66,0,1,Average,0.5540974044911053,False,False,True,False,False
47,23,33,70.64,3.26,0,1,Average,0.46063651591289784,False,False,False,False,False
48,23,24,85.25,3.22,0,0,Average,0.2782608695652174,True,False,False,False,True
49,21,15,79.91,3.13,1,0,Average,0.18539117538005193,False,False,False,False,False
50,20,30,72.98,2.76,1,0,Average,0.40551500405515,False,False,False,False,True
51,24,17,53.8,3.1,0,1,Average,0.3102189781021898,True,False,False,False,False
52,24,5,53.89,3.19,0,0,Average,0.09109127345600292,False,False,True,False,False
53,21,29,50.12,3.09,1,1,Average,0.5672926447574336,True,False,True,False,False
54,19,4,98.38,2.89,1,0,Average,0.04024954719259408,False,False,True,False,False
55,19,10,50.26,2.03,1,1,Low,0.19508388607101054,True,True,False,False,False
56,24,17,55.15,3.17,1,0,Average,0.3027604630454141,False,False,False,True,False
57,24,10,65.73,2.34,1,1,Low,0.1498576352465158,False,False,True,False,False
58,23,17,90.37,3.29,1,0,Average,0.1860566925686768,True,False,False,False,True
59,20,20,98.1,3.52,0,1,High,0.20181634712411706,True,False,True,False,False
60,18,24,89.5,3.0,1,1,Average,0.26519337016574585,True,True,False,False,False
61,19,5,84.53,3.08,1,1,Average,0.058459020226821,True,False,False,False,True
62,24,34,76.07,3.9,0,1,High,0.44115738938627225,True,True,False,False,False
63,23,6,54.34,3.69,1,1,High,0.10842067220816769,True,False,False,False,True
64,22,2,97.91,3.83,1,1,High,0.02022040238600748,True,False,False,False,False
65,23,13,87.92,3.63,1,1,High,0.14619883040935672,True,False,False,True,False
66,19,11,81.95,2.22,1,0,Low,0.13261000602772754,False,False,False,True,False
67,19,23,87.95,2.3,1,0,Low,0.25857223159078135,False,True,False,False,False
68,23,16,86.21,3.05,0,0,Average,0.18346519894507513,True,False,False,True,False
69,18,31,81.86,2.49,1,0,Low,0.3741250301713734,False,True,False,False,False
70,21,11,99.03,2.95,0,0,Average,0.10996700989703088,False,True,False,False,False
71,19,16,95.17,2.79,0,1,Average,0.1663720494956847,False,True,False,False,False
72,23,8,82.33,3.1,1,1,Average,0.09600384015360615,False,False,False,True,False
73,24,4,84.66,3.49,0,1,Average,0.046696240952603316,True,True,False,False,False
74,23,4,52.58,3.43,1,1,Average,0.07465472191116089,False,False,False,True,False
75,20,25,83.5,3.04,0,1,Average,0.2958579881656805,True,True,False,False,False
76,21,3,52.21,3.64,0,0,High,0.05638037962788949,False,False,True,False,False
77,22,32,79.41,2.86,1,0,Average,0.39796045268001495,False,True,False,False,False
78,18,3,99.97,3.79,1,0,High,0.029711795582846392,False,False,False,False,True
79,22,27,77.79,2.14,1,0,Low,0.34268308160934124,True,True,False,False,False
80,21,29,73.66,3.91,1,1,High,0.3884275381730512,False,False,False,False,False
81,21,32,65.64,3.31,1,1,Average,0.4801920768307323,True,True,False,False,False
82,21,19,56.03,2.76,0,1,Average,0.3331579870243731,False,False,False,False,True
83,22,21,86.55,2.39,0,0,Low,0.23986293546544832,True,False,False,False,True
84,24,5,59.63,2.96,0,1,Average,0.08246742536698004,False,False,False,True,False
85,21,18,55.76,2.39,0,0,Low,0.31712473572938693,True,False,True,False,False
86,23,28,71.09,2.33,0,1,Low,0.3884033846580663,True,True,False,False,False
87,22,22,89.77,3.23,0,1,Average,0.2423708273658698,False,False,False,True,False
88,21,21,87.25,3.05,0,0,Average,0.23796033994334279,True,False,True,False,False
89,23,6,52.74,3.34,1,1,Average,0.11164867882396724,False,True,False,False,False
90,24,1,72.76,3.86,1,1,High,0.013557483731019521,False,False,False,False,False
91,20,5,76.12,3.06,0,0,Average,0.06483402489626555,False,True,False,False,False
92,24,12,82.23,3.16,0,1,Average,0.1441787816892947,False,False,False,False,True
93,21,26,82.51,2.18,1,0,Low,0.311339959286313,False,False,False,False,True
94,22,34,68.23,3.44,1,1,Average,0.4911165679618662,False,False,False,False,False
95,19,14,78.03,2.8,1,1,Average,0.1771479185119575,False,False,False,True,False
96,21,26,74.05,3.95,1,1,High,0.34643570952698205,False,False,True,False,False
97,19,27,94.25,3.65,0,1,High,0.28346456692913385,False,True,False,False,False
98,23,9,76.51,3.04,1,1,Average,0.11611404980002579,False,False,False,False,True
99,20,26,72.05,2.25,0,1,Low,0.3559206023271732,False,False,False,True,False
100,18,22,70.22,3.72,0,1,High,0.30890199382196015,True,False,False,False,False
101,24,30,78.62,3.6,0,1,High,0.37678975131876413,True,False,False,False,True
102,20,17,90.2,2.37,1,0,Low,0.18640350877192982,False,False,False,False,False
103,21,26,76.92,2.59,1,0,Average,0.3336755646817248,False,True,False,False,False
104,19,36,83.08,3.59,0,1,High,0.42816365366317793,False,False,True,False,False
105,24,1,86.89,2.37,0,1,Low,0.011377858686995108,False,False,False,False,True
106,19,8,76.01,3.84,0,0,High,0.10388261264770808,False,False,False,False,True
107,22,35,71.34,2.85,1,1,Average,0.4838263754492673,False,True,False,False,False
108,19,15,93.83,2.17,0,1,Low,0.15817779183802594,False,False,False,True,False
109,22,22,70.88,3.63,1,0,High,0.3060656649972176,False,False,True,False,False
110,23,14,73.1,2.75,0,1,Average,0.18893387314439947,True,False,False,False,True
111,24,26,99.52,3.05,0,1,Average,0.2586549940310386,False,False,True,False,False
112,24,28,50.01,2.22,0,0,Low,0.5489119780435209,True,False,False,False,True
113,18,23,59.27,2.01,1,1,Low,0.38161606105856977,False,False,True,False,False
114,21,14,69.2,3.28,1,1,Average,0.19943019943019943,False,False,False,False,False
115,22,24,96.63,3.03,0,0,Average,0.2458260780497798,True,False,False,False,True
116,18,2,53.5,3.19,1,1,Average,0.03669724770642202,False,False,True,False,False
117,19,26,50.47,3.59,0,0,High,0.5051486302700603,True,False,False,True,False
118,19,14,52.63,3.29,1,1,Average,0.2610479209397725,False,False,False,False,False
119,18,7,54.43,2.35,1,1,Low,0.12628540501533467,False,False,False,False,False
120,24,3,51.88,2.72,1,0,Average,0.056732223903177004,True,False,False,True,False
121,19,23,73.99,3.81,0,0,High,0.30670756100813445,False,False,True,False,False
122,23,18,79.04,3.54,1,1,High,0.22488755622188905,True,True,False,False,False
123,23,38,63.58,3.11,1,0,Average,0.5884174667079591,False,False,False,True,False
124,18,35,69.91,2.51,0,0,Average,0.49358341559723595,True,False,True,False,False
125,22,15,54.58,2.6,0,1,Average,0.26988125224901044,True,False,False,True,False
126,22,25,66.82,3.46,0,1,Average,0.3686228251253318,False,False,False,True,False
127,18,37,76.13,3.7,0,1,High,0.47970958122650076,False,False,False,False,True
128,22,28,86.61,3.34,1,0,Average,0.31959821938134914,True,False,True,False,False
129,24,10,50.17,3.62,1,0,High,0.19542700801250731,False,True,False,False,False
130,24,39,73.37,3.53,1,0,High,0.5244050020169423,False,False,False,False,True
131,22,17,64.85,2.3,1,0,Low,0.25816249050873197,False,False,False,True,False
132,23,39,92.64,2.85,1,1,Average,0.41648868005126016,True,False,False,True,False
133,22,22,85.78,2.31,0,0,Low,0.25351463470845814,True,False,False,True,False
134,24,26,79.46,2.47,1,1,Low,0.3231419338801889,True,False,True,False,False
135,20,25,63.86,3.74,1,0,High,0.38544557508479804,True,False,True,False,False
136,21,17,95.52,2.95,1,1,Average,0.1761292996270203,True,False,False,False,True
137,19,13,52.26,3.07,0,1,Average,0.244085617724371,True,True,False,False,False
138,20,20,55.47,2.36,0,1,Low,0.3541703559412077,True,False,False,False,True
139,22,25,69.58,2.62,1,0,Average,0.35420799093227545,True,False,False,False,False
140,23,4,56.22,2.46,0,1,Low,0.06990562740300595,True,False,False,True,False
141,18,10,97.82,2.41,0,1,Low,0.10119409026512852,False,False,False,True,False
142,22,3,89.9,3.28,0,0,Average,0.033003300330033,True,False,False,True,False
143,23,18,62.95,2.51,0,1,Average,0.2814698983580923,False,False,False,False,True
144,21,36,79.43,3.26,0,0,Average,0.4475941812756434,False,False,False,False,True
145,22,22,99.12,2.12,0,0,Low,0.21973631642029565,False,False,False,True,False
146,24,34,94.21,2.28,0,1,Low,0.35710534607709277,True,False,False,False,True
147,18,8,80.04,2.55,1,1,Average,0.09871668311944717,True,False,True,False,False
148,23,19,95.19,3.19,1,0,Average,0.19752573032539766,True,False,True,False,False
149,23,37,99.46,3.35,0,1,Average,0.36830579335058733,True,False,False,False,True
150,23,6,87.17,2.89,1,0,Average,0.06805035726437564,False,False,False,True,False
151,21,26,53.25,2.89,1,0,Average,0.4792626728110599,True,False,False,False,True
152,22,34,70.08,3.45,0,0,Average,0.4783342712436691,True,False,False,False,True
153,21,6,91.89,2.03,1,1,Low,0.06459252879750242,True,False,False,False,True
154,19,37,61.53,2.68,0,0,Average,0.591715976331361,True,False,False,False,False
155,19,33,91.53,3.64,0,1,High,0.3566410893764185,True,False,True,False,False
156,22,22,56.02,3.21,0,1,Average,0.3858295334970186,False,True,False,False,False
157,24,21,52.35,2.67,1,1,Average,0.39362699156513586,True,True,False,False,False
158,21,6,69.2,3.81,1,1,High,0.08547008547008547,False,False,False,False,False
159,18,6,51.84,3.55,1,0,High,0.11355034065102194,True,False,False,False,True
160,23,4,97.86,2.53,1,1,Average,0.04046125834513453,False,False,False,False,False
161,23,30,91.31,3.29,0,0,Average,0.3249918752031199,True,False,False,False,False
162,22,11,90.04,3.19,0,0,Average,0.12082601054481545,True,False,False,True,False
163,24,30,81.49,2.8,1,1,Average,0.3636804461146806,False,False,True,False,False
164,19,31,60.82,2.73,0,0,Average,0.5014558395341313,False,True,False,False,False
165,19,24,75.91,2.69,0,0,Average,0.31205304901833314,False,False,False,False,True
166,23,9,79.86,3.23,1,1,Average,0.1113034875092753,True,True,False,False,False
167,22,3,76.25,2.88,0,0,Average,0.038834951456310676,False,True,False,False,False
168,21,31,63.01,3.66,1,0,High,0.48429932822996413,True,False,True,False,False
169,19,37,75.76,3.34,0,0,Average,0.4820218863991662,True,True,False,False,False
170,21,36,74.56,2.14,1,0,Low,0.47644256220222336,False,True,False,False,False
171,24,24,99.82,3.28,0,1,Average,0.23804800634794684,False,False,False,False,False
172,19,31,94.87,2.54,0,0,Average,0.3233545426097841,True,False,True,False,False
173,19,6,73.17,3.19,1,0,Average,0.08089524066334097,True,False,False,True,False
174,20,2,81.15,3.36,1,0,Average,0.024345709068776627,False,False,False,False,True
175,19,20,87.39,2.46,1,0,Low,0.2262699400384659,False,True,False,False,False
176,18,28,51.74,2.91,1,1,Average,0.5309063329541145,False,False,False,False,True
177,22,11,94.75,2.38,0,0,Low,0.11488250652741515,True,False,False,True,False
178,22,4,93.01,2.1,0,1,Low,0.0425486650356345,True,False,False,False,True
179,21,15,72.87,2.76,1,0,Average,0.2030594287261405,True,False,False,True,False
180,24,6,69.56,2.73,0,1,Average,0.08503401360544217,True,False,False,False,False
181,19,30,63.65,3.99,1,1,High,0.46403712296983757,True,True,False,False,False
182,18,38,73.83,2.89,1,1,Average,0.5078177201657089,True,False,False,True,False
183,21,2,52.22,2.67,0,1,Average,0.03757985719654265,False,False,False,False,True
184,20,15,92.61,3.16,0,1,Average,0.16023929067407328,True,True,False,False,False
185,21,11,51.77,2.18,1,0,Low,0.20845177184006064,True,False,False,False,False
186,21,8,66.45,3.92,1,0,High,0.11860637509266123,True,True,False,False,False
187,19,26,96.58,3.27,1,0,Average,0.2664480426316868,False,False,False,True,False
188,20,5,86.76,3.51,0,1,High,0.05697356426618049,True,False,False,False,False
189,21,6,64.07,2.34,0,0,Low,0.09220839096357769,True,False,False,False,True
190,18,26,62.63,2.82,0,1,Average,0.4086122898004086,False,False,False,False,False
191,18,4,50.25,2.85,0,1,Average,0.07804878048780488,True,False,False,False,False
192,22,19,84.79,3.64,1,0,High,0.22147103392003728,True,False,True,False,False
193,20,20,52.44,2.0,1,0,Low,0.37425149700598803,True,False,False,False,False
194,20,33,76.63,2.6,1,1,Average,0.4250933917300013,True,False,False,False,False
195,22,20,98.11,3.96,1,1,High,0.20179598425991324,True,True,False,False,False
196,21,12,55.47,2.95,1,0,Average,0.21250221356472462,False,False,False,False,True
197,20,1,94.72,2.77,1,0,Average,0.010447137484329294,False,True,False,False,False
198,18,26,99.57,2.24,0,0,Low,0.2585263995227205,False,True,False,False,False
199,18,14,53.08,3.95,0,0,High,0.2588757396449704,True,False,False,True,False
200,19,38,94.15,2.04,1,1,Low,0.39936941671045717,True,True,False,False,False
201,20,37,75.8,3.47,1,0,Average,0.48177083333333337,True,False,True,False,False
202,21,11,95.33,3.54,0,0,High,0.11419080244991177,False,False,True,False,False
203,22,36,78.57,2.49,0,0,Low,0.4524318210380797,True,False,False,True,False
204,22,13,83.11,3.34,0,1,Average,0.1545595054095827,True,False,False,False,True
205,21,3,77.19,2.19,0,1,Low,0.03836807775930426,False,False,False,False,True
206,24,33,93.22,2.51,1,1,Average,0.35024410953088514,True,True,False,False,False
207,23,6,86.7,3.58,1,1,High,0.06841505131128849,False,True,False,False,False
208,19,10,76.06,3.73,1,0,High,0.12976901116013495,False,True,False,False,False
209,22,5,93.41,3.22,1,1,Average,0.05296049147336088,False,False,False,False,True
210,20,23,62.26,3.01,1,0,Average,0.36357888080935824,True,False,False,False,False
211,19,10,57.87,2.32,0,0,Low,0.16986580601324955,True,False,True,False,False
212,20,2,58.02,2.13,1,0,Low,0.03388681802778719,True,False,False,False,False
213,24,13,66.7,2.24,0,0,Low,0.19202363367799113,True,False,False,False,False
214,18,2,61.93,2.45,1,1,Low,0.03178134435086604,True,False,False,False,True
215,19,20,96.5,2.68,1,1,Average,0.20512820512820512,True,False,False,False,False
216,22,1,55.29,2.76,1,1,Average,0.017765144785930005,True,False,False,True,False
217,19,37,84.95,2.69,1,0,Average,0.4304828388598022,False,True,False,False,False
218,19,9,59.46,2.48,1,0,Low,0.14885874958650347,True,False,False,True,False
219,19,17,94.08,3.02,0,0,Average,0.1787968026924695,False,False,True,False,False
220,23,9,98.07,3.65,0,0,High,0.09084485717169678,True,True,False,False,False
221,19,11,73.27,2.56,0,0,Average,0.14810825366904537,True,False,False,False,False
222,20,15,93.95,3.88,1,1,High,0.1579778830963665,True,False,True,False,False
223,18,24,50.26,3.75,1,0,High,0.4682013265704253,False,True,False,False,False
224,24,38,91.0,2.32,0,1,Low,0.41304347826086957,False,False,False,False,False
225,21,35,61.43,3.57,1,0,High,0.5606279032516418,False,False,False,True,False
226,19,30,95.44,3.15,1,0,Average,0.3110742430526752,False,True,False,False,False
227,22,31,50.06,3.13,0,1,Average,0.6071288679984332,True,False,False,False,False
228,19,5,77.81,2.78,1,1,Average,0.0634437254155564,False,False,False,True,False
229,22,14,87.83,3.0,0,0,Average,0.15760441292356187,True,False,True,False,False
230,20,11,62.93,2.79,1,0,Average,0.1720631941185672,True,False,True,False,False
231,22,9,59.66,3.08,0,0,Average,0.1483679525222552,False,False,True,False,False
232,21,34,54.2,3.26,1,0,Average,0.6159420289855072,False,False,True,False,False
233,18,12,66.32,3.35,1,1,Average,0.17825311942959005,False,False,False,False,True
234,22,35,77.99,3.06,0,0,Average,0.443094062539562,False,True,False,False,False
235,22,35,55.79,3.44,1,1,Average,0.6163056876210601,False,True,False,False,False
236,18,1,68.83,2.28,1,0,Low,0.014320492624946298,False,False,False,False,True
237,21,22,50.45,2.42,0,1,Low,0.42759961127308066,False,False,False,False,False
238,19,29,90.93,3.64,1,1,High,0.31545741324921134,False,False,False,False,False
239,22,8,56.42,2.65,0,0,Average,0.13932427725531174,True,False,True,False,False
240,18,11,64.17,2.05,1,1,Low,0.16878932023937393,False,False,False,True,False
241,20,37,50.92,2.31,1,0,Low,0.7126348228043143,False,False,False,False,False
242,18,14,71.61,2.45,1,1,Low,0.19281090758848643,True,False,False,True,False
243,20,30,92.01,3.91,1,0,High,0.32254596279969894,False,True,False,False,False
244,21,35,69.61,3.15,0,1,Average,0.49568049851295853,True,False,False,True,False
245,19,21,58.97,3.87,1,0,High,0.3501750875437719,True,True,False,False,False
246,18,37,87.68,3.15,0,0,Average,0.4172304916553901,False,False,False,False,True
247,24,5,89.44,2.96,1,1,Average,0.055285272003538256,True,False,False,False,True
248,24,19,58.69,2.63,1,1,Average,0.3183112749204222,True,False,True,False,False
249,23,14,88.54,3.21,1,1,Average,0.15635470180924727,True,False,False,False,False
250,22,26,97.36,2.28,1,1,Low,0.2643350955673038,True,False,True,False,False
251,21,4,58.32,3.8,0,0,High,0.06743088334457181,False,True,False,False,False
252,18,25,88.55,3.66,0,1,High,0.27917364600781686,True,False,True,False,False
253,24,25,85.43,2.64,0,0,Average,0.2892514173319449,False,False,False,True,False
254,22,18,73.68,3.91,0,1,High,0.241028387787895,True,True,False,False,False
255,24,8,52.9,3.65,1,0,High,0.14842300556586271,True,False,False,False,True
256,18,39,53.73,3.33,0,0,Average,0.7125890736342043,True,False,False,False,False
257,20,14,92.62,2.24,0,0,Low,0.14954069643238624,True,True,False,False,False
258,18,32,99.51,2.96,1,0,Average,0.31837628096706794,False,True,False,False,False
259,23,38,83.8,3.01,1,1,Average,0.4481132075471698,False,False,False,True,False
260,18,33,72.3,2.47,1,1,Low,0.45020463847203274,True,False,False,False,False
261,18,23,82.38,2.16,1,0,Low,0.27584552650515715,True,False,False,False,True
262,23,15,79.72,3.55,0,1,High,0.18582755203171458,False,True,False,False,False
263,21,33,69.18,2.24,0,1,Low,0.47021943573667707,True,True,False,False,False
264,18,25,53.28,3.19,1,0,Average,0.46057479734708917,True,False,False,True,False
265,23,17,91.08,3.87,1,1,High,0.184622067767159,True,False,True,False,False
266,22,33,68.59,3.75,1,1,High,0.47420606408966803,False,False,False,False,True
267,20,2,90.94,2.56,0,1,Average,0.021753317380900587,False,False,False,False,False
268,20,14,62.63,3.7,0,0,High,0.22002200220022,False,True,False,False,False
269,18,39,50.05,2.0,1,1,Low,0.7639569049951029,True,True,False,False,False
270,21,6,57.95,2.04,1,0,Low,0.10178117048346055,True,False,False,False,True
271,21,6,73.43,3.21,0,1,Average,0.08061265618702136,False,False,True,False,False
272,22,3,97.22,2.73,1,1,Average,0.030543677458766037,False,True,False,False,False
273,18,7,55.11,2.77,1,1,Average,0.12475494564248797,False,False,False,False,True
274,20,8,92.71,3.13,0,0,Average,0.08536975776331235,False,False,False,True,False
275,21,15,76.35,2.38,1,0,Low,0.19392372333548805,True,False,True,False,False
276,18,29,91.3,2.42,0,1,Low,0.314192849404117,False,False,False,False,False
277,24,33,64.92,2.97,1,0,Average,0.5006067961165048,True,True,False,False,False
278,21,30,92.0,3.51,1,1,High,0.3225806451612903,False,False,False,False,True
279,23,39,88.64,3.24,0,0,Average,0.43507362784471215,True,False,False,True,False
280,24,27,61.5,2.59,0,0,Average,0.432,False,False,False,False,False
281,21,36,56.57,2.86,1,1,Average,0.6253256904637832,False,False,False,False,True
282,20,29,93.4,2.34,0,1,Low,0.30720338983050843,False,False,False,False,True
283,19,38,98.16,2.15,1,1,Low,0.38321903993545786,False,False,False,False,False
284,24,33,51.57,3.57,1,1,High,0.6277344493056877,True,False,False,True,False
285,22,37,86.56,2.53,0,0,Average,0.4225673823663773,False,False,False,True,False
286,22,27,95.48,2.36,1,0,Low,0.2798507462686567,True,False,True,False,False
287,20,33,92.87,3.38,1,0,Average,0.35155001597954616,True,True,False,False,False
288,21,4,98.23,3.24,0,1,Average,0.04031039000302328,True,False,False,False,False
289,18,22,88.0,3.27,0,1,Average,0.24719101123595505,True,False,False,False,False
290,21,2,72.11,2.46,1,0,Low,0.02735603884557516,False,False,False,False,False
291,20,10,65.6,2.47,0,1,Low,0.15015015015015015,True,False,False,True,False
292,22,5,66.04,2.44,0,0,Low,0.07458233890214797,True,True,False,False,False
293,21,10,86.22,2.35,0,0,Low,0.11465260261407934,True,False,True,False,False
294,22,33,87.29,3.31,0,0,Average,0.37376826367652055,False,False,False,False,True
295,24,38,60.02,3.7,1,0,High,0.6227466404457555,False,False,False,False,True
296,18,13,93.41,3.45,1,0,Average,0.13769727783073826,False,False,False,False,False
297,24,31,85.75,3.58,1,1,High,0.3573487031700288,False,True,False,False,False
298,22,36,78.14,2.81,0,1,Average,0.45489006823351025,True,False,False,True,False
299,22,24,73.58,3.31,0,1,Average,0.32180209171359614,True,True,False,False,False
300,19,15,77.16,2.71,0,0,Average,0.19191402251791198,False,True,False,False,False
301,19,29,57.96,3.05,0,0,Average,0.4918588873812754,True,False,False,True,False
302,24,8,60.19,2.96,0,0,Average,0.13074031704526884,True,False,False,False,False
303,23,5,54.56,2.35,0,0,Low,0.08999280057595392,True,True,False,False,False
304,24,29,57.68,2.77,0,1,Average,0.4942058623040218,False,False,False,False,True
305,19,4,72.68,3.93,1,1,High,0.054288816503800214,False,False,False,True,False
306,22,12,76.52,2.5,1,0,Low,0.15479876160990713,True,False,True,False,False
307,20,2,50.89,2.27,0,0,Low,0.03854307188282906,False,False,False,False,False
308,24,27,89.84,2.84,0,0,Average,0.29722589167767505,False,False,False,True,False
309,22,31,64.71,3.58,0,1,High,0.47176989803682856,False,False,True,False,False
310,20,36,95.59,3.16,1,1,Average,0.37270939020602545,False,False,True,False,False
311,20,36,98.38,3.36,1,1,Average,0.36224592473334677,False,True,False,False,False
312,19,26,59.27,2.38,0,0,Low,0.43139206902273103,True,True,False,False,False
313,24,27,73.1,3.24,0,0,Average,0.3643724696356276,False,True,False,False,False
314,21,5,50.06,2.65,1,1,Average,0.09792401096748922,True,False,False,True,False
315,18,20,79.92,3.67,1,0,High,0.24715768660405338,True,False,False,True,False
316,19,11,80.37,3.26,1,1,Average,0.13518495760108148,False,False,False,False,False
317,19,10,62.38,2.4,1,0,Low,0.1577784790154623,True,True,False,False,False
318,21,38,77.92,2.13,0,1,Low,0.481500253421186,True,False,True,False,False
319,18,6,61.28,2.09,1,0,Low,0.09633911368015415,True,False,False,False,True
320,22,8,58.04,2.74,1,1,Average,0.13550135501355015,False,False,False,False,False
321,23,23,82.58,2.53,0,1,Average,0.27518545106484804,False,False,False,True,False
322,24,26,66.3,3.29,1,1,Average,0.3863298662704309,True,False,False,False,False
323,23,12,79.51,3.0,1,1,Average,0.14904980747733199,False,False,False,False,False
324,22,26,71.66,2.53,1,1,Average,0.35783099366914395,False,False,False,False,False
325,19,13,99.22,2.3,0,1,Low,0.12971462781879864,False,False,False,False,False
326,18,18,57.48,2.25,1,0,Low,0.3077975376196991,False,False,False,False,True
327,19,25,73.23,3.73,0,0,High,0.3367910548295837,True,True,False,False,False
328,20,33,84.02,2.49,0,0,Low,0.3881439661256175,True,False,True,False,False
329,19,12,69.78,3.3,1,1,Average,0.16953941791466515,False,False,False,False,False
330,19,36,98.73,3.62,1,1,High,0.36097463150506365,False,False,False,False,False
331,22,4,86.09,3.23,1,0,Average,0.04592949822023194,True,False,False,False,False
332,22,5,82.85,3.72,1,1,High,0.05963029218843173,True,True,False,False,False
333,22,37,87.85,2.78,0,1,Average,0.4164321890827237,False,False,False,True,False
334,23,8,97.63,3.91,1,1,High,0.08111122376558856,True,False,False,True,False
335,20,28,95.39,2.27,1,1,Low,0.29048656499636893,False,False,False,False,True
336,22,31,86.21,2.2,1,1,Low,0.35546382295608303,False,False,False,True,False
337,18,9,87.46,3.32,0,0,Average,0.10174089984173638,True,False,False,False,False
338,23,29,57.3,3.89,1,0,High,0.4974271012006861,True,False,False,False,False
339,21,14,55.14,3.62,1,0,High,0.24937655860349128,False,False,False,False,False
340,18,22,78.55,2.15,0,0,Low,0.2765556253928347,False,False,False,False,True
341,24,11,50.92,2.56,0,0,Average,0.211864406779661,True,False,False,False,False
342,24,23,74.12,3.86,1,1,High,0.3061767838125665,False,False,False,True,False
343,18,1,60.52,2.51,1,1,Average,0.01625487646293888,True,True,False,False,False
344,22,37,67.3,3.56,1,1,High,0.5417276720351392,False,True,False,False,False
345,21,21,88.79,3.65,1,1,High,0.2338790511192783,True,False,True,False,False
346,21,26,97.06,2.99,1,0,Average,0.2651437895166225,True,False,False,True,False
347,23,36,53.62,2.77,0,0,Average,0.6590992310508972,True,False,False,False,False
348,21,23,76.71,2.9,0,0,Average,0.2959722043495046,False,True,False,False,False
349,24,1,94.13,2.45,1,1,Low,0.010511931041732366,False,False,False,True,False
350,20,15,54.13,3.78,1,0,High,0.27208416470161434,True,True,False,False,False
351,22,21,91.23,2.9,0,1,Average,0.22769164046405724,False,False,False,False,False
352,21,9,67.89,3.76,1,0,High,0.130643054144288,True,True,False,False,False
353,23,9,66.1,2.21,1,0,Low,0.13412816691505217,True,False,True,False,False
354,24,10,98.87,3.98,1,1,High,0.10013016921998598,False,False,True,False,False
355,20,26,60.04,2.89,1,1,Average,0.4259501965923984,False,True,False,False,False
356,19,35,84.66,2.1,1,0,Low,0.40859210833527904,True,False,False,True,False
357,19,25,91.07,2.08,0,0,Low,0.27153252959704577,False,False,False,True,False
358,20,26,52.06,3.49,1,1,Average,0.4900113079532604,False,False,False,True,False
359,24,11,83.52,3.32,1,0,Average,0.13014671083767157,True,True,False,False,False
360,23,38,97.58,3.6,1,0,High,0.38547372692229664,True,False,False,True,False
361,20,2,56.21,2.21,0,1,Low,0.034958923265163436,False,False,False,False,False
362,22,7,94.81,2.07,0,0,Low,0.07306126709111783,True,False,True,False,False
363,22,18,79.74,3.02,0,1,Average,0.22293782511766164,True,False,False,False,False
364,19,27,80.83,2.78,0,0,Average,0.3299523402175241,False,False,False,True,False
365,21,34,80.65,2.92,1,1,Average,0.41641151255358233,True,False,False,False,False
366,23,27,64.94,3.98,0,0,High,0.40946314831665154,True,False,False,True,False
367,19,17,96.76,3.94,1,1,High,0.1738952536824877,False,True,False,False,False
368,21,24,97.37,3.88,1,0,High,0.24397682220189082,False,False,False,False,False
369,21,25,81.27,3.57,0,1,High,0.3038774766014343,True,True,False,False,False
370,22,7,89.17,2.71,0,0,Average,0.07763114117777531,True,True,False,False,False
371,24,6,80.61,2.82,0,0,Average,0.07352040191153045,False,False,False,False,True
372,18,24,74.22,3.1,0,0,Average,0.3190640787024728,False,False,False,True,False
373,24,33,83.04,3.66,0,0,High,0.3926701570680628,False,False,True,False,False
374,18,29,77.65,2.14,1,0,Low,0.36872218690400504,False,False,False,True,False
375,20,22,79.87,2.85,0,0,Average,0.27204154816371956,True,False,True,False,False
376,22,26,89.19,2.17,0,0,Low,0.28828029715046016,False,False,False,True,False
377,21,28,74.05,3.03,0,0,Average,0.3730846102598268,False,True,False,False,False
378,23,21,52.04,3.8,1,0,High,0.39592760180995473,True,False,False,False,False
379,18,7,58.2,3.56,0,1,High,0.11824324324324324,False,False,False,False,False
380,24,17,71.93,2.46,1,1,Low,0.2331002331002331,True,False,False,False,True
381,21,20,86.24,3.95,0,0,High,0.22925263640531868,False,False,True,False,False
382,18,20,79.66,3.33,0,1,Average,0.24795437639474338,False,False,True,False,False
383,18,22,82.51,2.02,1,0,Low,0.26344150401149563,False,False,True,False,False
384,18,28,73.96,2.51,0,0,Average,0.37353255069370334,True,True,False,False,False
385,23,7,80.79,2.52,1,1,Average,0.08558503484533561,True,False,True,False,False
386,22,1,66.45,2.14,1,0,Low,0.014825796886582653,False,False,False,False,False
387,23,32,73.51,3.92,1,0,High,0.42947255401959467,True,True,False,False,False
388,19,13,87.21,2.96,0,1,Average,0.14737558099988665,True,False,False,True,False
389,21,30,93.59,3.79,0,1,High,0.3171582619727244,True,False,True,False,False
390,22,23,71.68,2.64,0,0,Average,0.3164556962025316,True,False,True,False,False
391,22,19,52.18,2.25,1,1,Low,0.3572771718691237,True,False,False,True,False
392,22,32,58.08,2.95,0,1,Average,0.5416384563303994,True,False,True,False,False
393,24,30,51.04,2.23,1,0,Low,0.5764796310530361,False,False,False,True,False
394,22,29,82.66,2.97,0,1,Average,0.34664116662682287,False,True,False,False,False
395,23,29,66.62,3.84,1,1,High,0.42886719905353443,True,False,False,False,False
396,22,30,77.12,3.04,1,0,Average,0.38402457757296465,False,False,False,True,False
397,20,16,74.66,3.23,1,1,Average,0.21147237642083003,False,False,False,False,True
398,21,19,54.08,2.31,0,1,Low,0.3449527959331881,False,False,False,True,False
399,22,18,70.16,2.09,1,0,Low,0.25295109612141653,False,False,True,False,False
400,21,1,61.03,2.22,1,0,Low,0.016121231662098983,True,True,False,False,False
401,20,14,70.92,3.2,1,0,Average,0.1946607341490545,False,True,False,False,False
402,20,2,60.18,2.19,1,1,Low,0.032690421706440015,False,False,False,True,False
403,21,28,92.02,2.75,1,0,Average,0.3010105353687379,True,False,False,False,False
404,18,30,58.71,3.1,1,0,Average,0.5024284039524368,True,False,False,False,True
405,19,38,98.04,2.78,0,1,Average,0.3836833602584814,False,True,False,False,False
406,24,4,70.8,2.33,0,0,Low,0.05571030640668524,False,False,True,False,False
407,18,1,92.31,2.55,1,0,Average,0.010716964955524596,False,False,True,False,False
408,18,8,81.44,3.86,0,0,High,0.09704027171276079,False,False,False,False,False
409,23,29,86.77,3.35,0,0,Average,0.33040902358436824,False,True,False,False,False
410,24,39,88.39,2.99,1,1,Average,0.4362904127978521,False,False,False,True,False
411,24,3,75.24,2.03,1,0,Low,0.039349422875131164,True,False,True,False,False
412,18,32,77.17,3.98,1,0,High,0.40936420621721886,False,False,False,False,False
413,22,10,75.7,3.34,0,1,Average,0.1303780964797914,False,True,False,False,False
414,23,10,79.4,2.63,1,0,Average,0.12437810945273631,True,True,False,False,False
415,23,19,51.47,3.76,0,1,High,0.36211168286639983,True,True,False,False,False
416,20,34,69.78,2.52,1,1,Average,0.4803616840915513,True,True,False,False,False
417,24,33,80.31,3.09,0,1,Average,0.40585413848235147,True,True,False,False,False
418,18,23,79.89,3.27,1,0,Average,0.28433675361602173,False,False,True,False,False
419,20,28,89.65,2.44,1,1,Low,0.3088803088803089,False,False,False,False,False
420,21,32,82.75,3.96,0,1,High,0.382089552238806,False,True,False,False,False
421,19,7,99.61,3.5,0,1,Average,0.06957558890766326,False,False,False,False,True
422,23,29,64.19,3.12,0,0,Average,0.444853505138825,False,False,False,False,True
423,21,8,67.96,2.36,0,0,Low,0.1160092807424594,False,False,False,False,False
424,21,1,69.19,2.11,0,0,Low,0.014247043738424277,True,False,False,True,False
425,22,3,73.29,2.64,0,0,Average,0.04038228563736707,False,False,False,True,False
426,19,24,91.8,3.51,1,0,High,0.25862068965517243,True,False,False,True,False
427,21,23,61.79,2.54,0,0,Average,0.36630036630036633,True,False,False,False,True
428,21,8,88.8,3.08,1,0,Average,0.08908685968819599,False,False,False,True,False
429,19,37,70.27,3.46,1,1,Average,0.5191525185912726,True,False,True,False,False
430,19,3,80.09,2.22,0,1,Low,0.03699593044765076,False,True,False,False,False
431,21,33,81.63,3.37,1,1,Average,0.39937068861188435,True,False,False,False,True
432,19,28,68.64,2.18,0,1,Low,0.402067777139575,False,False,False,False,False
433,21,8,75.63,3.93,0,0,High,0.10439775544825787,True,False,False,False,False
434,21,34,70.65,2.98,1,1,Average,0.4745289602233077,False,True,False,False,False
435,22,35,53.46,2.3,1,1,Low,0.6426735218508998,False,False,False,False,True
436,18,32,71.86,2.68,0,1,Average,0.43919846280538016,False,False,False,True,False
437,21,24,54.87,2.83,0,1,Average,0.4295686414891713,False,False,False,True,False
438,20,14,70.25,3.52,1,0,High,0.19649122807017544,False,False,True,False,False
439,23,32,79.65,3.49,1,0,Average,0.39677619342839426,True,False,True,False,False
440,24,16,78.97,3.22,1,0,Average,0.20007502813555084,True,False,False,True,False
441,18,4,83.13,2.21,1,1,Low,0.04754546535124213,True,False,False,False,False
442,18,37,54.76,2.3,0,0,Low,0.663558106169297,False,False,False,False,False
443,18,21,82.61,2.19,0,1,Low,0.25116612845353425,True,False,True,False,False
444,22,14,65.61,3.15,0,0,Average,0.21017865185407597,False,True,False,False,False
445,21,31,69.95,3.75,0,0,High,0.4369274136715997,False,False,False,True,False
446,22,18,92.9,2.87,1,0,Average,0.19169329073482427,True,False,True,False,False
447,21,7,50.45,2.32,1,0,Low,0.13605442176870747,True,False,True,False,False
448,22,10,79.42,3.12,0,0,Average,0.12434717731907485,False,False,False,True,False
449,22,7,79.94,3.62,0,1,High,0.08648381517173215,True,False,False,True,False
450,23,33,69.83,3.48,0,0,Average,0.46590427784836935,False,False,False,False,False
451,20,23,61.85,3.76,0,1,High,0.36595067621320604,False,True,False,False,False
452,22,21,61.73,2.56,0,1,Average,0.3347680535628886,False,True,False,False,False
453,23,19,94.19,2.39,0,1,Low,0.1996007984031936,False,False,False,True,False
454,19,19,72.1,3.76,0,1,High,0.25991792065663477,False,False,False,False,True
455,20,36,66.54,3.32,0,1,Average,0.5330174711282203,True,False,True,False,False
456,22,29,72.44,2.62,0,0,Average,0.394880174291939,True,False,True,False,False
457,24,18,83.47,3.48,1,0,Average,0.21309340594293832,False,False,False,True,False
458,18,2,57.29,3.63,0,0,High,0.0343112026076514,False,False,False,False,True
459,19,1,72.47,3.23,1,0,Average,0.013610997686130393,True,False,False,False,False
460,19,5,79.39,3.38,1,1,Average,0.062196790645602684,True,False,False,True,False
461,23,20,97.43,2.75,0,0,Average,0.20319008432388497,False,False,False,True,False
462,19,11,62.63,3.08,0,0,Average,0.17287443030017285,True,False,True,False,False
463,20,2,67.96,3.05,1,1,Average,0.02900232018561485,False,False,False,True,False
464,22,3,68.97,3.7,1,1,High,0.04287551807917679,True,False,False,True,False
465,22,23,80.28,3.68,0,0,High,0.2829724409448819,False,False,False,True,False
466,24,12,67.84,3.67,1,0,High,0.17431725740848344,True,False,True,False,False
467,18,20,76.68,2.02,0,1,Low,0.2574665293511843,False,False,False,False,False
468,23,5,89.09,3.5,0,0,Average,0.0555000555000555,True,False,False,False,False
469,18,37,85.27,3.52,0,0,High,0.4288860554074418,True,False,False,True,False
470,19,38,72.32,3.36,1,0,Average,0.5182760501909438,False,False,True,False,False
471,24,30,93.21,3.51,1,0,High,0.3184375331705764,True,False,False,False,False
472,18,9,77.91,3.68,0,1,High,0.11405398555316183,False,False,False,False,False
473,20,34,77.0,2.94,1,1,Average,0.4358974358974359,True,False,False,False,False
474,22,35,51.71,3.0,1,1,Average,0.6640106241699867,False,False,True,False,False
475,19,22,99.33,2.25,1,0,Low,0.21927638791986445,True,False,True,False,False
476,24,24,56.15,2.77,1,0,Average,0.4199475065616798,False,False,False,True,False
477,18,17,61.56,3.29,1,0,Average,0.2717391304347826,True,True,False,False,False
478,23,10,52.58,3.56,1,0,High,0.1866368047779022,False,False,False,False,False
479,20,30,82.0,2.43,1,0,Low,0.3614457831325301,True,True,False,False,False
480,20,23,61.24,2.28,0,1,Low,0.36953727506426737,False,False,True,False,False
481,18,32,59.0,3.33,1,0,Average,0.5333333333333333,False,False,True,False,False
482,22,17,54.43,2.0,1,0,Low,0.30669312646581276,False,False,True,False,False
483,18,17,55.17,2.36,1,1,Low,0.302652661563112,True,True,False,False,False
484,19,14,79.23,2.06,1,0,Low,0.17449831733765422,False,False,True,False,False
485,18,9,84.41,2.33,1,1,Low,0.1053740779768177,True,False,False,True,False
486,20,2,69.87,2.36,1,1,Low,0.02822068576266403,False,False,True,False,False
487,24,25,73.99,2.78,1,1,Average,0.33337778370449395,True,False,False,False,True
488,18,39,84.3,2.8,1,1,Average,0.45720984759671746,False,True,False,False,False
489,22,9,50.87,3.75,0,1,High,0.1735106998264893,True,False,False,False,True
490,24,22,66.16,3.02,1,0,Average,0.3275759380583681,True,False,True,False,False
491,23,4,98.65,3.45,1,1,Average,0.04014049172102358,False,False,False,True,False
492,21,26,79.01,2.21,1,1,Low,0.3249593800774903,True,False,False,False,False
493,18,29,62.71,2.45,1,0,Low,0.4551875686705384,True,False,True,False,False
494,22,34,76.09,3.41,0,0,Average,0.44104293682708523,False,False,False,True,False
495,24,23,67.13,2.11,0,1,Low,0.33758990165859387,True,True,False,False,False
496,22,37,76.61,2.97,0,0,Average,0.4767426877979642,True,False,False,False,True
497,23,11,56.29,3.2,0,0,Average,0.19200558561703612,True,False,False,False,True
498,20,6,56.64,3.2,0,1,Average,0.1040943789035392,False,False,False,False,True
499,22,18,57.18,2.05,0,1,Low,0.30938466827088346,True,True,False,False,False
500,24,21,96.99,2.64,0,0,Average,0.21430758240636802,False,False,False,True,False
